channel,spend,revenue,conversions,clicks,impressions,roas,cac,ctr,cvr,profit,profit_margin,overall_roas,overall_cac
email,40666.32,1110689.26,14919,412107,16266386,25.99,3.28,2.47,3.41,1070022.94,95.56,27.31226380946198,2.72580735974261
affiliate,12874.66,11620.29,126,4462,95346,0.85,133.62,4.55,2.62,-1254.37,-51.15,0.9025706309914204,102.17984126984126
paid_search,91256.29,76121.99,889,37952,1042803,0.76,133.51,3.53,2.11,-15134.3,-57.63,0.8341560894049058,102.65049493813272
social,117419.01,95330.19,1443,101496,5435875,0.7,104.08,1.8,1.21,-22088.82,-58.32,0.8118803760992365,81.3714553014553
display,75589.41,45038.98,822,103897,8398755,0.55,118.08,1.2,0.73,-30550.43,-119.94,0.5958371681959153,91.9579197080292
